adult,cast,genre,id,original_title,overview,title,vote_average
0,MichaelJelenic AaronHorvath ChrisPratt CharlieDay AnyaTaylor-Joy,"[""Animation"",""Family"",""Adventure"",""Fantasy"",""Comedy""]",502356,The Super Mario Bros. Movie,"while working underground to fix a water main, brooklyn plumbers—and brothers—mario and luigi are transported down a mysterious pipe and wander into a magical new world. but when the brothers are separated, mario embarks on an epic quest to find luigi.",the super mario bros. movie,7.626
0,LeeCronin AlyssaSutherland LilySullivan GabrielleEchols,"[""Thriller"",""Horror"",""Fantasy""]",713704,Evil Dead Rise,three siblings find an ancient vinyl that gives birth to bloodthirsty demons that run amok in a los angeles apartment building and thrusts them into a primal battle for survival as they face the most nightmarish version of family imaginable.,evil dead rise,7.132
0,JamesGunn ChrisPratt ZoeSaldaña DaveBautista,"[""SciFi"",""Adventure"",""Action""]",447365,Guardians of the Galaxy Vol. 3,"peter quill, still reeling from the loss of gamora, must rally his team around him to defend the universe along with protecting one of their own. a mission that, if not completed successfully, could quite possibly lead to the end of the guardians as we know them.",guardians of the galaxy vol. 3,8.1
0,JohnFrancisDaley JonathanM.Goldstein ChrisPine MichelleRodriguez JusticeSmith,"[""Adventure"",""Fantasy"",""Comedy""]",493529,Dungeons & Dragons: Honor Among Thieves,"a charming thief and a band of unlikely adventurers undertake an epic heist to retrieve a lost relic, but things go dangerously awry when they run afoul of the wrong people.",dungeons & dragons,7.496
0,NikiCaro JenniferLopez JosephFiennes OmariHardwick,"[""Action"",""Thriller""]",552688,The Mother,"a deadly female assassin comes out of hiding to protect the daughter that she gave up years before, while on the run from dangerous men.",the mother,6.8
0,PeytonReed PaulRudd EvangelineLilly JonathanMajors,"[""Action"",""Adventure"",""SciFi""]",640146,Ant-Man and the Wasp: Quantumania,"super-hero partners scott lang and hope van dyne, along with with hope's parents janet van dyne and hank pym, and scott's daughter cassie lang, find themselves exploring the quantum realm, interacting with strange new creatures and embarking on an adventure that will push them beyond the limits of what they thought possible.",ant-man and the wasp,6.522
0,BenAffleck MattDamon BenAffleck ViolaDavis,"[""Drama"",""History""]",964980,Air,"discover the game-changing partnership between a then undiscovered michael jordan and nike's fledgling basketball division which revolutionized the world of sports and culture with the air jordan brand.",air,7.484
0,LouisLeterrier VinDiesel MichelleRodriguez TyreseGibson,"[""Action"",""Crime"",""Thriller""]",385687,Fast X,"over many missions and against impossible odds, dom toretto and his family have outsmarted, out-nerved and outdriven every foe in their path. now, they confront the most lethal opponent they've ever faced: a terrifying threat emerging from the shadows of the past who's fueled by blood revenge, and who is determined to shatter this family and destroy everything—and everyone—that dom loves, forever.",fast x,6.9
0,JuliusAvery RussellCrowe DanielZovatto AlexEssoe,"[""Horror"",""Thriller"",""Fantasy""]",758323,"The Pope's Exorcist","father gabriele amorth, chief exorcist of the vatican, investigates a young boy's terrifying possession and ends up uncovering a centuries-old conspiracy the vatican has desperately tried to keep hidden.","the pope's exorcist",7.234
0,GuyRitchie JakeGyllenhaal DarSalim AntonyStarr,"[""War"",""Action"",""Thriller""]",882569,"Guy Ritchie's The Covenant","during the war in afghanistan, a local interpreter risks his own life to carry an injured sergeant across miles of grueling terrain.","guy ritchie's the covenant",7.7
0,KylePatrickAlvarez IsaiahRussell-Bailey MckennaGrace BillyBarratt,"[""SciFi"",""Action"",""Adventure"",""Family""]",620705,Crater,"after the death of his father, a boy growing up on a lunar mining colony takes a trip to explore a legendary crater, along with his four best friends, prior to being permanently relocated to another planet.",crater,6.731
0,MattBettinelli-Olpin TylerGillett MelissaBarrera JennaOrtega JasminSavoyBrown,"[""Horror"",""Mystery"",""Thriller""]",934433,Scream VI,"following the latest ghostface killings, the four survivors leave woodsboro behind and start a fresh chapter.",scream vi,7.325
0,ChrisMcKay NicholasHoult NicolasCage Awkwafina,"[""Horror"",""Comedy"",""Fantasy""]",649609,Renfield,"having grown sick and tired of his centuries as dracula's lackey, renfield finds a new lease on life — and maybe even redemption — when he falls for feisty, perennially angry traffic cop rebecca quincy.",renfield,7.088
0,JamesCameron SamWorthington ZoeSaldaña SigourneyWeaver,"[""SciFi"",""Adventure"",""Action""]",76600,Avatar: The Way of Water,"set more than a decade after the events of the first film, learn the story of the sully family (jake, neytiri, and their kids), the trouble that follows them, the lengths they go to keep each other safe, the battles they fight to stay alive, and the tragedies they endure.",avatar,7.705
0,ChadStahelski KeanuReeves DonnieYen BillSkarsgård,"[""Action"",""Thriller"",""Crime""]",603692,John Wick: Chapter 4,"with the price on his head ever increasing, john wick uncovers a path to defeating the high table. but before he can earn his freedom, wick must face off against a new enemy with powerful alliances across the globe and forces that turn old friends into foes.",john wick,7.901
0,DavidLowery AlexanderMolony EverAnderson JudeLaw,"[""Family"",""Fantasy"",""Action"",""Adventure""]",420808,Peter Pan & Wendy,"wendy darling, a young girl afraid to leave her childhood home behind, meets peter pan, a boy who refuses to grow up. alongside her brothers and a tiny fairy, tinker bell, she travels with peter to the magical world of neverland. there, she encounters an evil pirate captain, captain hook, and embarks on a thrilling adventure that will change her life forever.",peter pan & wendy,5.84
0,DamiánSzifron ShaileneWoodley BenMendelsohn JovanAdepo,"[""Action"",""Crime"",""Thriller"",""Mystery""]",605886,To Catch a Killer,"baltimore. new year's eve. a talented but troubled police officer is recruited by the fbi's chief investigator to help profile and track down a mass murderer.",to catch a killer,6.963
0,DavidF.Sandberg ZacharyLevi AsherAngel JackDylanGrazer,"[""Action"",""Comedy"",""Fantasy""]",594767,Shazam! Fury of the Gods,"billy batson and his foster siblings, who transform into superheroes by saying ""shazam!"", are forced to get back into action and fight the daughters of atlas, who they must stop from using a weapon that could destroy the world.",shazam! fury of the gods,6.789
0,DexterFletcher ChrisEvans AnadeArmas AdrienBrody,"[""Action"",""Comedy"",""Romance""]",868759,Ghosted,"salt-of-the-earth cole falls head over heels for enigmatic sadie — but then makes the shocking discovery that she’s a secret agent. before they can decide on a second date, cole and sadie are swept away on an international adventure to save the world.",ghosted,7.061
0,AprilMullen RobbieAmell JordanaBrewster SimuLiu,"[""SciFi"",""Thriller""]",942199,Simulant,"faye attempts to replace her newly deceased husband, evan, with an android simulant (sim). although sim evan appears like human evan in every way, faye does not feel the same love for sim evan as it does for her. sim evan tries to win faye back while at the same time being on-the-run from a government agent chasing down sims who have become “conscious” and could potentially be a threat to humankind.",simulant,6.229
0,RobMarshall HalleBailey JonahHauer-King DaveedDiggs,"[""Adventure"",""Family"",""Fantasy"",""Romance""]",447277,The Little Mermaid,"the youngest of king triton’s daughters, and the most defiant, ariel longs to find out more about the world beyond the sea, and while visiting the surface, falls for the dashing prince eric. with mermaids forbidden to interact with humans, ariel makes a deal with the evil sea witch, ursula, which gives her a chance to experience life on land, but ultimately places her life – and her father’s crown – in jeopardy.",the little mermaid,5.6
0,NidaManzoor PriyaKansara RituArya ShobuKapoor,"[""Action"",""Adventure"",""Comedy""]",977223,Polite Society,"martial artist-in-training ria khan believes she must save her older sister lena from her impending marriage. after enlisting the help of her friends, ria attempts to pull off the most ambitious of all wedding heists in the name of independence and sisterhood.",polite society,7
0,ScottBeck BryanWoods AdamDriver ArianaGreenblatt ChloeColeman,"[""SciFi"",""Adventure"",""Thriller""]",700391,65,"65 million years ago, the only 2 survivors of a spaceship from somaris that crash-landed on earth must fend off dinosaurs and reach the escape vessel in time before an imminent asteroid strike threatens to destroy the planet.",65,6.264
0,ElizabethBanks KeriRussell BrooklynnPrince ChristianConvery,"[""Thriller"",""Comedy"",""Crime""]",804150,Cocaine Bear,"inspired by a true story, an oddball group of cops, criminals, tourists and teens converge in a georgia forest where a 500-pound black bear goes on a murderous rampage after unintentionally ingesting cocaine.",cocaine bear,6.332
0,MichaelB.Jordan MichaelB.Jordan TessaThompson JonathanMajors,"[""Drama"",""Action""]",677179,Creed III,"after dominating the boxing world, adonis creed has been thriving in both his career and family life. when a childhood friend and former boxing prodigy, damian anderson, resurfaces after serving a long sentence in prison, he is eager to prove that he deserves his shot in the ring. the face-off between former friends is more than just a fight. to settle the score, adonis must put his future on the line to battle damian — a fighter who has nothing to lose.",creed iii,7.28
0,JoaquimDosSantos JustinK.Thompson KempPowers ShameikMoore HaileeSteinfeld JakeJohnson,"[""Animation"",""Action"",""Adventure"",""SciFi""]",569094,Spider-Man: Across the Spider-Verse,"after reuniting with gwen stacy, miles morales — brooklyn's full-time, friendly neighborhood spider-man — is catapulted across the multiverse, where he encounters a team of spider-people charged with protecting its very existence. but when the heroes clash on how to handle a new threat, miles finds himself pitted against the other spiders and must redefine what it means to be a hero so he can save the people he loves most.",spider-man,5
0,"GeorgeTillman,Jr. KhrisDavis JasmineMathews SullivanJones","[""History"",""Drama""]",878361,Big George Foreman,"fueled by an impoverished childhood, george foreman channeled his anger into becoming an olympic gold medalist and world heavyweight champion, followed by a near-death experience that took him from the boxing ring to the pulpit. but when he sees his community struggling spiritually and financially, foreman returns to the ring and makes history by reclaiming his title, becoming the oldest and most improbable world heavyweight boxing champion ever.",big george foreman,6.7
0,StevenCapleJr. AnthonyRamos DominiqueFishback LunaLaurenVelez,"[""Action"",""Adventure"",""SciFi""]",667538,Transformers: Rise of the Beasts,"a '90s globetrotting adventure that introduces the maximals, predacons, and terrorcons to the existing battle on earth between autobots and decepticons.",transformers,5
0,M.NightShyamalan DaveBautista JonathanGroff BenAldridge,"[""Horror"",""Thriller""]",631842,Knock at the Cabin,"while vacationing at a remote cabin, a young girl and her two fathers are taken hostage by four armed strangers who demand that the family make an unthinkable choice to avert the apocalypse. with limited access to the outside world, the family must decide what they believe before all is lost.",knock at the cabin,6.399
0,GuyRitchie JasonStatham AubreyPlaza JoshHartnett,"[""Action"",""Comedy"",""Adventure"",""Thriller""]",739405,Operation Fortune: Ruse de Guerre,"special agent orson fortune and his team of operatives recruit one of hollywood's biggest movie stars to help them on an undercover mission when the sale of a deadly new weapons technology threatens to disrupt the world order.",operation fortune,6.612
0,CharlesGuard TomGuard ColinMorgan AmlAmeen MarkStrong,"[""Action"",""Thriller""]",507250,Dead Shot,"in the 1970s, a member of the ira takes over an active service unit in london after his wife is accidentally shot dead in ireland. the unit's mission is to cause chaos and destruction, while his personal aim is to hunt down his wife’s killer — an sas captain, who is also hunting him.",dead shot,6.714
0,"RyanCoogler LetitiaWright LupitaNyong'o DanaiGurira","[""Action"",""Adventure"",""SciFi""]",505642,Black Panther: Wakanda Forever,"queen ramonda, shuri, m’baku, okoye and the dora milaje fight to protect their nation from intervening world powers in the wake of king t’challa’s death.  as the wakandans strive to embrace their next chapter, the heroes must band together with the help of war dog nakia and everett ross and forge a new path for the kingdom of wakanda.",black panther,7.263
0,AndyMuschietti EzraMiller SashaCalle MichaelShannon,"[""SciFi"",""Action"",""Adventure""]",298618,The Flash,"when his attempt to save his family inadvertently alters the future, barry allen becomes trapped in a reality in which general zod has returned and there are no super heroes to turn to. in order to save the world that he is in and return to the future that he knows, barry's only hope is to race for his life. but will making the ultimate sacrifice be enough to reset the universe?",the flash,5
0,EdwardBazalgette AlexanderDreymon MarkRowley ArnasFedaravicius,"[""Action"",""Adventure"",""History"",""Drama"",""War""]",948713,The Last Kingdom: Seven Kings Must Die,"in the wake of king edward's death, uhtred of bebbanburg and his comrades adventure across a fractured kingdom in the hopes of uniting england at last.",the last kingdom,7.275
0,JamesGunn ChrisPratt ZoeSaldaña DaveBautista,"[""Action"",""SciFi"",""Adventure""]",118340,Guardians of the Galaxy,"light years from earth, 26 years after being abducted, peter quill finds himself the prime target of a manhunt after discovering an orb wanted by ronan the accuser.",guardians of the galaxy,7.904
0,JoelCrawford AntonioBanderas SalmaHayek HarveyGuillén,"[""Animation"",""Family"",""Fantasy"",""Adventure"",""Comedy""]",315162,Puss in Boots: The Last Wish,"puss in boots discovers that his passion for adventure has taken its toll: he has burned through eight of his nine lives, leaving him with only one life left. puss sets out on an epic journey to find the mythical last wish and restore his nine lives.",puss in boots,8.292
0,JonWatts TomHolland Zendaya BenedictCumberbatch,"[""Action"",""Adventure"",""SciFi""]",634649,Spider-Man: No Way Home,"peter parker is unmasked and no longer able to separate his normal life from the high-stakes of being a super-hero. when he asks for help from doctor strange the stakes become even more dangerous, forcing him to discover what it truly means to be spider-man.",spider-man,8
0,Jean-FrançoisRichet GerardButler MikeColter YosonAn,"[""Action"",""Adventure"",""Thriller""]",646389,Plane,"after a heroic job of successfully landing his storm-damaged aircraft in a war zone, a fearless pilot finds himself between the agendas of multiple militias planning to take the plane and its passengers hostage.",plane,6.874
0,CatherineHardwicke ToniCollette MonicaBellucci GiulioMariaCorso,"[""Crime"",""Comedy""]",809787,Mafia Mamma,"a suburban american woman inherits her grandfather’s mafia empire and, guided by the firm’s trusted consigliere, defies everyone’s expectations, including her own, as the new head of the family business.",mafia mamma,6.965
0,AlexisJacknow DiannaAgron JayAli SaulRubinek,"[""Horror"",""Mystery"",""Thriller""]",1085103,Clock,"on the eve of her 38th birthday, a woman desperately attempts to fix her broken biological clock.",clock,5.896
0,JamesGunn ChrisPratt ZoeSaldaña DaveBautista,"[""SciFi"",""Adventure"",""Action"",""Comedy""]",283995,Guardians of the Galaxy Vol. 2,"the guardians must fight to keep their newfound family together as they unravel the mysteries of peter quill's true parentage.",guardians of the galaxy vol. 2,7.625
0,BritMcAdams OwenWilson MichaelaWatkins WendiMcLendon-Covey,"[""Comedy"",""Drama""]",821890,Paint,"carl nargle, vermont’s #1 public television painter, is convinced he has it all: a signature perm, custom van, and fans hanging on his every stroke… until a younger, better artist steals everything (and everyone) carl loves.",paint,6.107
0,GeorgeLucas MarkHamill HarrisonFord CarrieFisher,"[""Adventure"",""Action"",""SciFi""]",11,Star Wars,princess leia is captured and held hostage by the evil imperial forces in their effort to take over the galactic empire. venturesome luke skywalker and dashing captain han solo team together with the loveable robot duo r2-d2 and c-3po to rescue the beautiful princess and restore peace and justice in the empire.,star wars,8.208
0,TomekBaginski Mackenyu FamkeJanssen MadisonIseman,"[""Fantasy"",""Action"",""Adventure""]",455476,Knights of the Zodiac,"when a headstrong street orphan, seiya, in search of his abducted sister unwittingly taps into hidden powers, he discovers he might be the only person alive who can protect a reincarnated goddess, sent to watch over humanity. can he let his past go and embrace his destiny to become a knight of the zodiac?",knights of the zodiac,6.5
0,JamesCameron SamWorthington ZoeSaldaña StephenLang,"[""Action"",""Adventure"",""Fantasy"",""SciFi""]",19995,Avatar,"in the 22nd century, a paraplegic marine is dispatched to the moon pandora on a unique mission, but becomes torn between following orders and protecting an alien civilization.",avatar,7.57
0,DarrenAronofsky BrendanFraser SadieSink HongChau,"[""Drama""]",785084,The Whale,a reclusive english teacher suffering from severe obesity attempts to reconnect with his estranged teenage daughter for one last chance at redemption.,the whale,8.046
0,AnthonyRusso JoeRusso RobertDowneyJr. ChrisEvans MarkRuffalo,"[""Adventure"",""SciFi"",""Action""]",299534,Avengers: Endgame,"after the devastating events of avengers: infinity war, the universe is in ruins due to the efforts of the mad titan, thanos. with the help of remaining allies, the avengers must assemble once more in order to undo thanos' actions and restore order to the universe once and for all, no matter what consequences may be in store.",avengers,8.267
0,JustinLin VinDiesel MichelleRodriguez TyreseGibson,"[""Action"",""Adventure"",""Crime"",""Thriller""]",385128,F9,"dominic toretto and his crew battle the most skilled assassin and high-performance driver they've ever encountered: his forsaken brother.",f9,7.2
0,CamilleDelamarre HenryGolding NoomiRapace DanielaMelchior,"[""Action"",""Thriller""]",876969,Assassin Club,"in this world of contract killers, morgan gaines is the best of the best. when morgan is hired to kill six people around the world, he soon discovers all the targets are also assassins unknowingly hired to kill each other.",assassin club,6.632
0,JosephKosinski TomCruise MilesTeller JenniferConnelly,"[""Action"",""Drama""]",361743,Top Gun: Maverick,"after more than thirty years of service as one of the navy’s top aviators, and dodging the advancement in rank that would ground him, pete “maverick” mitchell finds himself training a detachment of top gun graduates for a specialized mission the likes of which no living pilot has ever seen.",top gun,8.292
0,DenisVilleneuve TimothéeChalamet RebeccaFerguson OscarIsaac,"[""SciFi"",""Adventure""]",438631,Dune,"paul atreides, a brilliant and gifted young man born into a great destiny beyond his understanding, must travel to the most dangerous planet in the universe to ensure the future of his family and his people. as malevolent forces explode into conflict over the planet's exclusive supply of the most precious resource in existence-a commodity capable of unlocking humanity's greatest potential-only those who can conquer their fear will survive.",dune,7.803
0,ShaneDaxTaylor BrendanFehr DolphLundgren LukeWilson,"[""Action"",""Thriller""]",1094319,The Best Man,"mercenaries seize control of a remote resort hotel during a wedding and it's up to the best man, the groom and their drunken best friend to stop the terrorists and save the hostages.",the best man,5.2
0,AnthonyRusso JoeRusso RobertDowneyJr. ChrisHemsworth MarkRuffalo,"[""Adventure"",""Action"",""SciFi""]",299536,Avengers: Infinity War,"as the avengers and their allies have continued to protect the world from threats too large for any one hero to handle, a new danger has emerged from the cosmic shadows: thanos. a despot of intergalactic infamy, his goal is to collect all six infinity stones, artifacts of unimaginable power, and use them to inflict his twisted will on all of reality. everything the avengers have fought for has led up to this moment - the fate of earth and existence itself has never been more uncertain.",avengers,8.263
0,RogerKumble DylanSprouse VirginiaGardner AustinNorth,"[""Romance"",""Drama"",""Comedy""]",1016121,Beautiful Disaster,"bad-boy travis is exactly what college freshman abby needs and wants to avoid. he spends his nights fighting in underground boxing matches, and his days as the ultimate college campus charmer. but abby wants nothing to do with travis. intrigued by abby’s resistance, travis offers her a simple bet: if he loses his next fight, he must remain sex-free for a month. if he wins, abby must live in his apartment for the same amount of time. either way, travis has no idea that abby’s dark past is about to emerge, and he may have finally met his match.",beautiful disaster,5.475
0,ChrisColumbus DanielRadcliffe RupertGrint EmmaWatson,"[""Adventure"",""Fantasy""]",671,"Harry Potter and the Philosopher's Stone","harry potter has lived under the stairs at his aunt and uncle's house his whole life. but on his 11th birthday, he learns he's a powerful wizard—with a place waiting for him at the hogwarts school of witchcraft and wizardry. as he learns to harness his newfound powers with the help of the school's kindly headmaster, harry uncovers the truth about his parents' deaths—and about the villain who's to blame.","harry potter and the philosopher's stone",7.915
0,DavisGuggenheim MichaelJ.Fox TracyPollan SamFox,"[""Documentary""]",1058699,STILL: A Michael J. Fox Movie,a short kid from a canadian army base becomes the international pop culture darling of the 1980s—only to find the course of his life altered by a stunning diagnosis. what happens when an incurable optimist confronts an incurable disease?,still,7.345
0,GerardJohnstone AllisonWilliams VioletMcGraw JennaDavis,"[""SciFi"",""Horror"",""Comedy""]",536554,M3GAN,"a brilliant toy company roboticist uses artificial intelligence to develop m3gan, a life-like doll programmed to emotionally bond with her newly orphaned niece. but when the doll's programming works too well, she becomes overprotective of her new friend with terrifying results.",m3gan,7.351
0,ChristopherNolan MatthewMcConaughey AnneHathaway JessicaChastain,"[""Adventure"",""Drama"",""SciFi""]",157336,Interstellar,the adventures of a group of explorers who make use of a newly discovered wormhole to surpass the limitations on human space travel and conquer the vast distances involved in an interstellar voyage.,interstellar,8.402
0,Calmatic JackHarlow SinquaWalls LauraHarrier,"[""Comedy"",""Drama""]",920125,"White Men Can't Jump","seemingly opposite street hoopers, jeremy, an injury prone former star, and kamal, a has-been prodigy, team up to take one final shot at living out their dreams.","white men can't jump",8
0,DanielScheinert DanielKwan MichelleYeoh KeHuyQuan StephanieHsu,"[""Action"",""Adventure"",""SciFi""]",545611,Everything Everywhere All at Once,"an aging chinese immigrant is swept up in an insane adventure, where she alone can save what's important to her by connecting with the lives she could have led in other universes.",everything everywhere all at once,7.843
0,JamesCameron LeonardoDiCaprio KateWinslet BillyZane,"[""Drama"",""Romance""]",597,Titanic,"101-year-old rose dewitt bukater tells the story of her life aboard the titanic, 84 years later. a young rose boards the ship with her mother and fiancé. meanwhile, jack dawson and fabrizio de rossi win third-class tickets aboard the ship. rose tells the whole story from titanic's departure through to its death—on its first and last voyage—on april 15, 1912.",titanic,7.892
0,JeremyGarelick AdamSandler JenniferAniston MarkStrong,"[""Comedy"",""Crime""]",638974,Murder Mystery 2,"after starting their own detective agency, nick and audrey spitz land a career-making case when their billionaire pal is kidnapped from his wedding.",murder mystery 2,6.585
0,MarcForster TomHanks MarianaTreviño RachelKeller,"[""Comedy"",""Drama""]",937278,A Man Called Otto,"when a lively young family moves in next door, grumpy widower otto anderson meets his match in a quick-witted, pregnant woman named marisol, leading to an unlikely friendship that turns his world upside down.",a man called otto,7.88
0,JesseV.Johnson ThomasJane DominiqueTipper JohnMalkovich,"[""Action"",""Thriller""]",1093994,One Ranger,a texas ranger is recruited by british intelligence to track down a dangerous terrorist and stop him from attacking london.,one ranger,6.725
0,ChristopherMcQuarrie TomCruise HayleyAtwell VingRhames,"[""Action"",""Adventure"",""Thriller""]",575264,Mission: Impossible - Dead Reckoning Part One,"ethan hunt and his imf team embark on their most dangerous mission yet: to track down a terrifying new weapon that threatens all of humanity before it falls into the wrong hands. with control of the future and the fate of the world at stake, and dark forces from ethan's past closing in, a deadly race around the globe begins. confronted by a mysterious, all-powerful enemy, ethan is forced to consider that nothing can matter more than his mission – not even the lives of those he cares about most.",mission,5
0,NeilJordan LiamNeeson DianeKruger JessicaLange,"[""Mystery"",""Thriller"",""Crime""]",844417,Marlowe,private detective philip marlowe becomes embroiled in an investigation involving a wealthy californian family after a beautiful blonde hires him to track down her former lover.,marlowe,6.07
0,DamienChazelle BradPitt MargotRobbie DiegoCalva,"[""Drama"",""Comedy""]",615777,Babylon,"a tale of outsized ambition and outrageous excess, tracing the rise and fall of multiple characters in an era of unbridled decadence and depravity during hollywood's transition from silent films and to sound films in the late 1920s.",babylon,7.491
0,JaumeCollet-Serra DwayneJohnson AldisHodge NoahCentineo,"[""Action"",""Adventure"",""SciFi"",""Fantasy""]",436270,Black Adam,"nearly 5,000 years after he was bestowed with the almighty powers of the egyptian gods—and imprisoned just as quickly—black adam is freed from his earthly tomb, ready to unleash his unique form of justice on the modern world.",black adam,7.105
0,SamRaimi BenedictCumberbatch ElizabethOlsen ChiwetelEjiofor,"[""Fantasy"",""Action"",""Adventure""]",453395,Doctor Strange in the Multiverse of Madness,"doctor strange, with the help of mystical allies both old and new, traverses the mind-bending and dangerous alternate realities of the multiverse to confront a mysterious new adversary.",doctor strange in the multiverse of madness,7.379
0,FedeÁlvarez JaneLevy ShilohFernandez LouTaylorPucci,"[""Horror""]",109428,Evil Dead,"five young friends find the mysterious and fiercely powerful book of the dead, and unable to resist its temptation, release a violent demon on a bloodthirsty quest to possess them all.",evil dead,6.506
0,TaikaWaititi ChrisHemsworth NataliePortman ChristianBale,"[""Fantasy"",""Action"",""Comedy""]",616037,Thor: Love and Thunder,"after his retirement is interrupted by gorr the god butcher, a galactic killer who seeks the extinction of the gods, thor odinson enlists the help of king valkyrie, korg, and ex-girlfriend jane foster, who now wields mjolnir as the mighty thor. together they embark upon a harrowing cosmic adventure to uncover the mystery of the god butcher’s vengeance and stop him before it’s too late.",thor,6.58
0,MattReeves RobertPattinson ZoëKravitz PaulDano,"[""Crime"",""Mystery"",""Thriller""]",414906,The Batman,"in his second year of fighting crime, batman uncovers corruption in gotham city that connects to his own family while facing a serial killer known as the riddler.",the batman,7.709
0,RubenÖstlund HarrisDickinson CharlbiDean WoodyHarrelson,"[""Comedy"",""Drama""]",497828,Triangle of Sadness,"a celebrity model couple are invited on a luxury cruise for the uber-rich, helmed by an unhinged, alcoholic captain. what first appears instagrammable ends catastrophically, leaving the survivors stranded on a desert island in a struggle of hierarchy.",triangle of sadness,7.217
0,LillyWachowski LanaWachowski KeanuReeves LaurenceFishburne Carrie-AnneMoss,"[""Action"",""SciFi""]",603,The Matrix,"set in the 22nd century, the matrix tells the story of a computer hacker who joins a group of underground insurgents fighting the vast and powerful computers who now rule the earth.",the matrix,8.202
0,JossWhedon RobertDowneyJr. ChrisEvans MarkRuffalo,"[""SciFi"",""Action"",""Adventure""]",24428,The Avengers,"when an unexpected enemy emerges and threatens global safety and security, nick fury, director of the international peacekeeping agency known as s.h.i.e.l.d., finds himself in need of a team to pull the world back from the brink of disaster. spanning the globe, a daring recruitment effort begins!",the avengers,7.708
0,JonFavreau RobertDowneyJr. TerrenceHoward JeffBridges,"[""Action"",""SciFi"",""Adventure""]",1726,Iron Man,"after being held captive in an afghan cave, billionaire engineer tony stark creates a unique weaponized suit of armor to fight evil.",iron man,7.633
0,ChadStahelski KeanuReeves MichaelNyqvist IanMcShane,"[""Action"",""Thriller""]",245891,John Wick,ex-hitman john wick comes out of retirement to track down the gangsters that took everything from him.,john wick,7.407
0,PeterJackson ElijahWood IanMcKellen LivTyler,"[""Adventure"",""Fantasy"",""Action""]",120,The Lord of the Rings: The Fellowship of the Ring,"young hobbit frodo baggins, after inheriting a mysterious ring from his uncle bilbo, must leave his home in order to keep it from falling into the hands of its evil creator. along the way, a fellowship is formed to protect the ringbearer and make sure that the ring arrives at its final destination: mt. doom, the only place where it can be destroyed.",the lord of the rings,8.4
0,TanelToom KateBosworth LucienLaviscount MartinMcCann,"[""SciFi"",""Thriller"",""Drama""]",516806,Last Sentinel,"set in the future on a war-ravaged earth, four exhausted soldiers man sentinel - a remote military base in a vast ocean that separates two warring continents. while their tour of duty ended three months ago, the relief crew still hasn't arrived and as the empty weeks turn to months, paranoia descends, testing relationships to breaking point...",last sentinel,5.892
0,ChristopherNolan ChristianBale HeathLedger MichaelCaine,"[""Drama"",""Action"",""Crime"",""Thriller""]",155,The Dark Knight,"batman raises the stakes in his war on crime. with the help of lt. jim gordon and district attorney harvey dent, batman sets out to dismantle the remaining criminal organizations that plague the streets. the partnership proves to be effective, but they soon find themselves prey to a reign of chaos unleashed by a rising criminal mastermind known to the terrified citizens of gotham as the joker.",the dark knight,8.51
0,BenWheatley JasonStatham WuJing ShuyaSophiaCai,"[""Action"",""SciFi"",""Horror""]",615656,Meg 2: The Trench,an exploratory dive into the deepest depths of the ocean of a daring research team spirals into chaos when a malevolent mining operation threatens their mission and forces them into a high-stakes battle for survival.,meg 2,5
0,JonS.Baird TaronEgerton NikitaEfremov SofiaLebedeva,"[""Thriller"",""History"",""Drama""]",726759,Tetris,"in 1988, american video game salesman henk rogers discovers the video game tetris. when he sets out to bring the game to the world, he enters a dangerous web of lies and corruption behind the iron curtain.",tetris,7.86
0,CharlieHaskell DavidYost WalterJones SteveCardenas,"[""Action"",""Adventure"",""SciFi"",""Family""]",1068141,Mighty Morphin Power Rangers: Once & Always,"after tragedy strikes, an unlikely young hero takes her rightful place among the power rangers to face off against the team's oldest archnemesis.",mighty morphin power rangers,6.7
0,ChristopherNolan CillianMurphy EmilyBlunt MattDamon,"[""Drama"",""History""]",872585,Oppenheimer,the story of j. robert oppenheimer’s role in the development of the atomic bomb during world war ii.,oppenheimer,5
0,JamesMangold HarrisonFord PhoebeWaller-Bridge MadsMikkelsen,"[""Adventure"",""Action""]",335977,Indiana Jones and the Dial of Destiny,"finding himself in a new era, approaching retirement, indy wrestles with fitting into a world that seems to have outgrown him. but as the tentacles of an all-too-familiar evil return in the form of an old rival, indy must don his hat and pick up his whip once more to make sure an ancient and powerful artifact doesn't fall into the wrong hands.",indiana jones and the dial of destiny,5
0,JulianHiggins ThandiweNewton JeremyBobb JeffersonWhite,"[""Mystery"",""Thriller"",""Drama""]",879990,"God's Country","when a grieving college professor confronts two hunters she catches trespassing on her property, she's drawn into an escalating battle of wills with catastrophic consequences.","god's country",5.7
0,BillHolderman DianeKeaton JaneFonda CandiceBergen,"[""Comedy"",""Romance""]",982271,Book Club: The Next Chapter,"four best friends take their book club to italy for the fun girls' trip they never had. when things go off the rails and secrets are revealed, their relaxing vacation turns into a once-in-a-lifetime cross-country adventure.",book club,6.958
0,RobCohen PaulWalker VinDiesel MichelleRodriguez,"[""Action"",""Crime"",""Thriller""]",9799,The Fast and the Furious,"dominic toretto is a los angeles street racer suspected of masterminding a series of big-rig hijackings. when undercover cop brian o'conner infiltrates toretto's iconoclastic crew, he falls for toretto's sister and must choose a side: the gang or the lapd.",the fast and the furious,6.947
0,MattBettinelli-Olpin TylerGillett MelissaBarrera MasonGooding JennaOrtega,"[""Horror"",""Mystery"",""Thriller""]",646385,Scream,"twenty-five years after a streak of brutal murders shocked the quiet town of woodsboro, a new killer has donned the ghostface mask and begins targeting a group of teenagers to resurrect secrets from the town’s deadly past.",scream,6.738
0,SamHargrave ChrisHemsworth RudhrakshJaiswal GolshiftehFarahani,"[""Action"",""Thriller""]",697843,Extraction 2,"tasked with extracting a family who is at the mercy of a georgian gangster, tyler rake infiltrates one of the world's deadliest prisons in order to save them. but when the extraction gets hot, and the gangster dies in the heat of battle, his equally ruthless brother tracks down rake and his team to sydney, in order to get revenge.",extraction 2,5
0,ShekharKapur LilyJames ShazadLatif ShabanaAzmi,"[""Romance"",""Comedy""]",800301,"What's Love Got to Do with It?","two childhood friends now in their thirties must decide whether to follow their heads or their hearts once the man decides to follow his parents' advice and enter into an arranged marriage in pakistan.","what's love got to do with it?",6.3
0,RicRomanWaugh GerardButler AliFazal BahadorFoladi,"[""Action"",""Thriller""]",717930,Kandahar,"after his mission is exposed, an undercover cia operative stuck deep in hostile territory in afghanistan must fight his way out, alongside his afghan translator, to an extraction point in kandahar, all whilst avoiding elite enemy forces and foreign spies tasked with hunting them down.",kandahar,5
0,JimStrouse PriyankaChopraJonas SamHeughan CélineDion,"[""Romance"",""Drama"",""Comedy""]",758336,Love Again,"mira ray, dealing with the loss of her fiancé, sends a series of romantic texts to his old cell phone number… not realizing the number was reassigned to rob burns' new work phone. a journalist, rob is captivated by the honesty in the beautifully confessional texts. when he’s assigned to write a profile of megastar céline dion, he enlists her help in figuring out how to meet mira in person and win her heart.",love again,6.5
0,RobertRodriguez BenAffleck AliceBraga WilliamFichtner,"[""Crime"",""Mystery"",""Thriller""]",536437,Hypnotic,a detective becomes entangled in a mystery involving his missing daughter and a secret government program while investigating a string of reality-bending crimes.,hypnotic,7.2
0,BobbyFarrelly WoodyHarrelson KaitlinOlson CheechMarin,"[""Comedy""]",933419,Champions,a stubborn and hotheaded minor league basketball coach is forced to train a special olympics team when he is sentenced to community service.,champions,6.9
0,TiWest MiaGoth DavidCorenswet TandiWright,"[""Horror""]",949423,Pearl,"trapped on her family’s isolated farm, pearl must tend to her ailing father under the bitter and overbearing watch of her devout mother. lusting for a glamorous life like she’s seen in the movies, pearl’s ambitions, temptations, and repressions collide.",pearl,7.4
0,AriAster JoaquinPhoenix PattiLuPone AmyRyan,"[""Comedy"",""Adventure"",""Fantasy""]",798286,Beau Is Afraid,a paranoid man embarks on an epic odyssey to get home to his mother.,beau is afraid,7.3
0,ZacharyWigon ChristopherAbbott MargaretQualley FranciscoCastaneda,"[""Drama"",""Thriller""]",870518,Sanctuary,"confined to a claustrophobic hotel room, the heir to a hotel empire and the dominatrix who has primed him for success become locked in a battle of wits and wills as he tries to end his relationship with her.",sanctuary,8
0,StevenSpielberg GabrielLaBelle MichelleWilliams PaulDano,"[""Drama""]",804095,The Fabelmans,"growing up in post-world war ii era arizona, young sammy fabelman aspires to become a filmmaker as he reaches adolescence, but soon discovers a shattering family secret and explores how the power of films can help him see the truth.",the fabelmans,7.8
0,RobSavage SophieThatcher ChrisMessina VivienLyraBlair,"[""Horror"",""Mystery""]",532408,The Boogeyman,"still reeling from the tragic death of their mother, a teenage girl and her younger sister find themselves plagued by a sadistic presence in their house and struggle to get their grieving father to pay attention before it’s too late.",the boogeyman,5
0,AdrianGrünberg JoshLucas FernandaUrrejola JulioCedillo,"[""Horror"",""Thriller""]",890771,The Black Demon,"oilman paul sturges' idyllic family vacation turns into a nightmare when they encounter a ferocious megalodon shark that will stop at nothing to protect its territory. stranded and under constant attack, paul and his family must somehow find a way to get his family back to shore alive before it strikes again in this epic battle between humans and nature.",the black demon,4.8
0,MauroBorrelli MartinLawrence MelissaRoxburgh JohnMalkovich,"[""Mystery"",""Thriller"",""Crime"",""Drama""]",1043565,Mindcage,"detectives jake doyle and mary kelly seek the help of an incarcerated serial killer named the artist when a copycat killer strikes. while mary searches for clues in the artist's brilliant but twisted psyche, she and jake are lured into a diabolical game of cat and mouse, racing against time to stay one step ahead of the artist and his copycat.",mindcage,7.1
0,MaryHarron BenKingsley BarbaraSukowa EzraMiller,"[""Drama"",""History""]",522925,Dalíland,"in 1973, a young gallery assistant goes on a wild adventure behind the scenes as he helps the aging genius salvador dali prepare for a big show in new york.",dalíland,5
0,KurtisDavidHarder SaraCanning EmilyTennant CassandraNaud,"[""Thriller"",""Horror"",""Mystery""]",1020910,Influencer,"while struggling on a solo backpacking trip in thailand, social media influencer madison meets cw, who travels with ease and shows her a more uninhibited way of living. but cw's interest in her takes a darker turn.",influencer,5
0,PaulSchrader JoelEdgerton SigourneyWeaver QuintessaSwindell,"[""Drama"",""Thriller"",""Crime""]",869612,Master Gardener,"narvel roth is a meticulous horticulturist who is devoted to tending the grounds of a beautiful estate and pandering to his employer, the wealthy dowager mrs. haverhill. when she demands that he take on her wayward and troubled great niece, it unlocks dark secrets from a buried violent past.",master gardener,5
0,WesAnderson JasonSchwartzman ScarlettJohansson TomHanks,"[""Comedy"",""Romance"",""SciFi""]",747188,Asteroid City,"set in a fictional american desert town circa 1955, the itinerary of a junior stargazer/space cadet convention (organized to bring together students and parents from across the country for fellowship and scholarly competition) is spectacularly disrupted by world-changing events.",asteroid city,5
0,MarkA.Z.Dippé PeteDavidson J.K.Simmons JulieNathanson,"[""Animation"",""Family"",""Comedy"",""Adventure""]",678287,Marmaduke,"great dane marmaduke epitomizes the overgrown lapdog, with an irascible streak and a penchant for mischief that is tempered with a deep sense of love and responsibility for his human family, the winslows. the new animation is set in the world of elite dog shows, rife divas, rivalries and slapstick comedy.",marmaduke,5.4
0,MichaelJacobs EmmaRoberts LukeBracey DianeKeaton,"[""Comedy"",""Romance""]",972230,Maybe I Do,"michelle and allen, who have reached the point in their relationship where they are considering next steps, decide to invite  their parents to finally meet and to offer some understanding of why marriage works. except the parents already know each other quite well, which leads to some very distinct opinions about the value of marriage.",maybe i do,6
0,LauraTerruso SebastianManiscalco RobertDeNiro LeslieBibb,"[""Comedy""]",829051,About My Father,"encouraged by his fiancée, sebastian brings his immigrant, hairdresser father, salvo, to a weekend get-together with ellie's super-rich and exceedingly eccentric family.",about my father,5
0,ScottWalker LucianeBuchanan MattWhelan JayaBeach-Robertson,"[""Horror""]",1098160,The Tank,"in 1978 oregon, ben and jules inherit an abandoned coastal property from ben's late mother, who's never mentioned it. the untouched house has been kept a secret for 40 years and comes with a beautiful private cove and beach. jules searches for answers while ben unwittingly awakens a fiercely protective creature.",the tank,4.8
0,ElisaAmoruso BellaThorne BenjaminMascolo AlmaNoce,"[""Romance"",""Drama""]",888479,Game of Love,"follows vivien and roy as their love story continues and leads them to roy’s childhood home in sicily to prepare for the sale of the family estate. during the visit, a mysterious woman arrives and befriends vivien, much to roy’s displeasure. tensions build and lines are crossed as secrets from roy’s past force the couple to face aspects of their relationship they did not know existed.",game of love,6.5
0,NicoleHolofcener JuliaLouis-Dreyfus TobiasMenzies MichaelaWatkins,"[""Comedy"",""Drama""]",890215,You Hurt My Feelings,"a novelist's longstanding marriage is suddenly upended when she overhears her husband giving his honest reaction to her latest book.",you hurt my feelings,5
0,PeterAtencio BertKreischer MarkHamill JimmyTatro,"[""Action"",""Comedy"",""Crime""]",647250,The Machine,"bert kreischer faces a familial crisis and the arrival of his estranged father when the ghost of his booze-soaked past arrives: a murderous mobster hellbent on kidnapping bert back to the motherland to atone for his crimes. together, he and his father must retrace the steps of his younger self in the midst of a war between a sociopathic crime family while they attempt to find common ground.",the machine,5
0,RuiConstantino RuiConstantino MiguelD.Dias AlexanderSunflower,"[""Horror""]",1105313,Jeepers Creepers Returns,"an evil warlock summons the creeper from the bounds of hell to slay on earth every 23 years for 23 days, but he also needs to eat and refresh his flesh or he will loose his immortality forever.",jeepers creepers returns,5
0,TinaSatter SydneySweeney JoshHamilton MarchántDavis,"[""Drama""]",985617,Reality,"on june 3, 2017, 25-year-old reality winner returns from running errands to find two fbi agents at her home in augusta, georgia. an air force veteran and yoga instructor, winner spends the next two hours being questioned about her work as an intelligence contractor — specifically, whether she leaked a classified document about russian interference in the 2016 u.s. elections.",reality,5
0,MichaelShowalter JimParsons BenAldridge SallyField,"[""Comedy"",""Drama"",""Romance""]",507903,Spoiler Alert,"journalist michael ausiello embarks on a rollercoaster ride of emotions when kit cowan, his partner of 14 years, is diagnosed with terminal cancer.",spoiler alert,7.5
0,StephenWilliams KelvinHarrisonJr. SamaraWeaving LucyBoynton,"[""Drama"",""History"",""Music""]",812635,Chevalier,"the illegitimate son of an african slave and a french plantation owner, bologne rises to improbable heights in french society as a celebrated violinist-composer and fencer, complete with an ill-fated love affair and a falling out with marie antoinette and her court. inspired by the incredible true story of composer joseph bologne, chevalier de saint-georges.",chevalier,6.3
0,LauraPoitras NanGoldin MarinaBerio DavidWojnarowicz,"[""Documentary""]",1004663,All the Beauty and the Bloodshed,"the life of internationally renowned artist and activist nan goldin is told through her slideshows, intimate interviews, ground-breaking photography, and rare footage of her personal fight to hold the sackler family accountable for the overdose crisis.",all the beauty and the bloodshed,7.5
0,MattAngel SuzanneCoote LuluWilson SeannWilliamScott DeniseBurse,"[""Action"",""Crime"",""Horror"",""Thriller""]",986070,The Wrath of Becky,"two years after she escaped a violent attack on her family, 16-year-old becky attempts to rebuild her life in the care of an older woman -- a kindred spirit named elena. however, when a violent group known as the noble men break into their home, attack them and take their beloved dog, becky must return to her old ways to protect herself and her loved ones.",the wrath of becky,5
0,CelineSong GretaLee YooTeo JohnMagaro,"[""Drama"",""Romance""]",666277,Past Lives,"nora and hae sung, two deeply connected childhood friends, are wrest apart after nora’s family emigrates from south korea. two decades later, they are reunited in new york for one fateful week as they confront notions of destiny, love, and the choices that make a life.",past lives,5
0,ToddStephens UdoKier JenniferCoolidge LindaEvans,"[""Comedy"",""Drama""]",794602,Swan Song,"an aging hairdresser escapes his nursing home to embark on an odyssey across his small town to style a dead woman's hair for her funeral, rediscovering his sparkle along the way.",swan song,7.4
0,DanielGoldhaber ArielaBarer KristineFroseth LukasGage,"[""Crime"",""Drama"",""Thriller""]",1008048,How to Blow Up a Pipeline,a crew of young environmental activists execute a daring mission to sabotage an oil pipeline.,how to blow up a pipeline,6.7
0,HettieMacdonald JimBroadbent PenelopeWilton LindaBassett,"[""Drama""]",844409,The Unlikely Pilgrimage of Harold Fry,"harold fry is an unremarkable man who has made mistakes with all the important things: being a husband, a father and a friend. and now, well into his 60s, he is content to fade quietly into the background of life. until, one day – harold learns his old friend queenie is dying. harold leaves home, walking to his post office to send her a letter. and out of the blue, harold decides to keep walking, all the way to her hospice, 450 miles away.",the unlikely pilgrimage of harold fry,2
0,AbelFerrara ShiaLaBeouf CristinaChiriac MarcoLeonardi,"[""Drama""]",860901,Padre Pio,"it is the end of world war i and the young italian soldiers are making their way back to san giovanni rotondo, a land of poverty, with a tradition of violence and submission to the iron-clad rule of the church and its wealthy landowners. families are desperate, the men are broken, albeit victorious. padre pio also arrives, at a remote capuchin monastery, to begin his ministry, evoking an aura of charisma, saintliness and epic visions of jesus, mary and the devil himself. the eve of the first free elections in italy sets the stage for a massacre with a metaphorical dimension: an apocalyptic event that changes the course of history.",padre pio,5
0,BenjaminMillepied MelissaBarrera PaulMescal RossydePalma,"[""Music"",""Drama""]",763261,Carmen,"a young and fiercely independent woman, carmen, is forced to flee her home in the mexican desert following the brutal murder of her mother. she survives an illegal border crossing into the us, only to be confronted by a lawless volunteer border guard. when the border guard and his patrol partner aidan become embroiled in a deadly standoff, the pair is forced to escape together.",carmen,5
0,RileyKeough GinaGammell JojoBapteiseWhiting LaDainianCrazyThunder RobertStover,"[""Drama""]",962566,War Pony,"the interlocking stories of two lakota boys growing up on pine ridge reservation. at 23, bill just wants to make something of himself. meanwhile, 12-year-old matho can’t wait to become a man. bound by their shared search for belonging, each of the boys grapple with identity, family, and loss, as they navigate their unique paths to manhood.",war pony,4.3
0,AaronOnish DeclanFraney EllaStevens ChéNegron CharlieNiccolini,"[""SciFi"",""Comedy"",""Adventure""]",1055859,Mixed Signals,"three once-inseparable friends, struggling to come to terms with their changing relationship, inexplicably swap places with characters from their favorite television shows. hijinks ensue.",mixed signals,5
0,StuartSimpson IntanKieflie JefferyRichards MandieCombe,"[""Drama"",""Horror""]",1125102,Sleeping Beauties,"cahya gets a job as a maid working in an isolated old mansion. pregnant and a recent widow, she is desperate to reconnect with her husband, opening a doorway to the spirit world. and in doing so, inadvertently awakens the tormented ghosts of her current employer, the previous maids.",sleeping beauties,5
0,JohnS.Robertson JohnBarrymore BrandonHurst MarthaMansfield,"[""Drama"",""Horror"",""SciFi""]",3016,Dr. Jekyll and Mr. Hyde,"a doctor's research into the roots of evil turns him into a hideous depraved fiend.",dr. jekyll and mr. hyde,6.9
0,D.PaulThomas EricRafaelIbarra TaraReid MichaelMoriarty CatherineMacNeal,"[""Drama""]",980386,Of Things Past,"a young couple struggling to save their marriage after the tragic loss of their baby son moves to idyllic mammoth lakes, ca. filmed over thirty-five years, we see michael and laura's journey through love, commitment, secrets and desires.",of things past,5
0,BrandonSlagle CasperVanDien JeffFahey LouisMandylor,"[""War"",""History"",""Action""]",1037644,Battle for Saipan,"on july 7, 1944, a u.s. army hospital on the remote island of saipan is overrun by japanese forces during a relentless attack. outgunned and surrounded by the enemy, a lone medic puts it all on the line to lead a band of wounded soldiers to safety.",battle for saipan,5.9
0,RalieghWilson CamGigandet ChantelleAlbers HannahJames,"[""Action""]",1111140,Two Sinners and a Mule,"kicked out of a small western town for sinful behavior, free-spirited alice and nora set out for virginia city to pursue their dream of opening a restaurant. out on the prairie, they come across an injured bounty hunter named elden. hoping to share in the reward, they nurse elden back to health and help him stalk his prey, grimes. but as nora and alice both develop feelings for elden, no one notices that grimes is now on their tail, and the hunters become the hunted…",two sinners and a mule,6.1
0,PierreTsigaridis BelleAdams JacobDeMonte-Finn TimFox,"[""Horror""]",785759,Two Witches,"a matriarchal witch passes on her sinister inheritance to her grand-daughter, triggering the most horrific curses.",two witches,6.5
0,MassimilianoCerchi LouisMandylor CostasMandylor ConstancePayne,"[""Action""]",1048300,Adrenaline,a female fbi agent holidaying in eastern europe with her family gets her life upside down when her daughter is kidnapped. she has to team up with a criminal on the run to save her daughter before time runs out.,adrenaline,5.9
0,JonásCuarón EvanWhitten DemiánBichir ChristianSlater,"[""Adventure"",""Fantasy"",""Family""]",736790,Chupa,"while visiting family in mexico, a lonely boy befriends a mythical creature hiding on his grandfather's ranch and embarks on the adventure of a lifetime.",chupa,6.5
0,DavidLeitch DwayneJohnson JasonStatham IdrisElba,"[""Action"",""Adventure"",""Comedy""]",384018,Fast & Furious Presents: Hobbs & Shaw,"ever since us diplomatic security service agent hobbs and lawless outcast shaw first faced off, they just have traded smack talk and body blows. but when cyber-genetically enhanced anarchist brixton's ruthless actions threaten the future of humanity, they join forces to defeat him.",fast & furious presents,6.9
0,KerryShawcross NatalieAlynLind ChandlerRiggs NatWolff,"[""Animation"",""Action"",""Fantasy""]",997776,"Justice League x RWBY: Super Heroes & Huntsmen, Part One","superman, batman, wonder woman, flash, cyborg, green lantern and vixen are transported to the strange world of remnant and find themselves turned into teenagers. meanwhile, remnant heroes ruby, weiss, blake and yang must combine forces with the justice league to uncover why their planet has been mysteriously altered before a superpowered grimm destroys everything.",justice league x rwby,7.8
0,NoahLuke PaulBianchi ErinCoker JackPearson,"[""Action"",""SciFi""]",1033219,Attack on Titan,"as viable water is depleted on earth, a mission is sent to saturn's moon titan to retrieve sustainable h2o reserves from its alien inhabitants. but just as the humans acquire the precious resource, they are attacked by titan rebels, who don't trust that the earthlings will leave in peace.",attack on titan,6
0,RhysFrake-Waterfield CraigDavidDowsett ChrisCordell AmberDoig-Thorne,"[""Horror"",""Thriller""]",980078,Winnie the Pooh: Blood and Honey,"christopher robin is headed off to college and he has abandoned his old friends, pooh and piglet, which then leads to the duo embracing their inner monsters.",winnie the pooh,5.7
0,JasonFriedberg AaronSeltzer AlexAshbaugh DalePavinski AndreaNavedo,"[""Comedy"",""Action""]",325358,Superfast!,"undercover cop lucas white joins vin serento's la gang of illegal street racers. they are fast and they are furious and they plan to double cross la crime kingpin juan carlos de la sol who hides his cash in a downtown taco bell. the gang's outrageous plan is as daring as it is ridiculous and will see them towing the whole restaurant, at crazy speeds.",superfast!,5
0,JadesolaOsiberu DemiBanwo AdesuaEtomi-Wellington TobiBakre,"[""Crime""]",1104040,Gangs of Lagos,"a group of friends who each have to navigate their own destiny, growing up on the bustling streets and neighborhood of isale eko, lagos.",gangs of lagos,6.3
0,HerbertJamesWinterstern SkeetUlrich AnneHeche DanielDiemer,"[""Action""]",842945,Supercell,"good-hearted teenager william always lived in hope of following in his late father’s footsteps and becoming a storm chaser. his father’s legacy has now been turned into a storm-chasing tourist business, managed by the greedy and reckless zane rogers, who is now using william as the main attraction to lead a group of unsuspecting adventurers deep into the eye of the most dangerous supercell ever seen.",supercell,6.2
0,NathanFrankowski AliceOrr-Ewing JoeDoyle EvelineHall,"[""Horror"",""Fantasy"",""SciFi"",""Thriller""]",296271,The Devil Conspiracy,"the hottest biotech company in the world has discovered they can clone history’s most influential people from the dead. now, they are auctioning clones of michelangelo, galileo, vivaldi, and others for tens of millions of dollars to the world’s ultra-rich. but when they steal the shroud of turin and clone the dna of jesus christ, all hell breaks loose.",the devil conspiracy,6.4
0,StevenLawson ChrisBell RachelWarren AyviannaSnow,"[""Horror""]",1105014,"Ripper's Revenge","one year on from the notorious ripper murders, london is terrorised once again by a series of brutal killings. when gruesome letters from the ripper begin landing on his desk, an innocent reporter finds himself drawn into a deadly mystery, threatening the lives of everyone around him.","ripper's revenge",5.9
0,JasonMoore JenniferLopez JoshDuhamel JenniferCoolidge,"[""Action"",""Comedy"",""Romance""]",758009,Shotgun Wedding,"darcy and tom gather their families for the ultimate destination wedding but when the entire party is taken hostage, “’til death do us part” takes on a whole new meaning in this hilarious, adrenaline-fueled adventure as darcy and tom must save their loved ones—if they don’t kill each other first.",shotgun wedding,6.3
0,DeanFleischerCamp JennySlate DeanFleischerCamp IsabellaRossellini,"[""Animation"",""Comedy"",""Family"",""Drama"",""Adventure""]",869626,Marcel the Shell with Shoes On,"marcel is an adorable one-inch-tall shell who ekes out a colorful existence with his grandmother connie and their pet lint, alan. once part of a sprawling community of shells, they now live alone as the sole survivors of a mysterious tragedy. but when a documentary filmmaker discovers them amongst the clutter of his airbnb, the short film he posts online brings marcel millions of passionate fans, as well as unprecedented dangers and a new hope at finding his long-lost family.",marcel the shell with shoes on,7.7
0,JamesWan VinDiesel PaulWalker DwayneJohnson,"[""Action"",""Thriller"",""Crime""]",168259,Furious 7,deckard shaw seeks revenge against dominic toretto and his family for his comatose brother.,furious 7,7.2
0,DanielGraham MattHookings RayWinstone JodhiMay,"[""Drama"",""History""]",943822,Prizefighter: The Life of Jem Belcher,"at the turn of the 19th century, pugilism was the sport of kings and a gifted young boxer fought his way to becoming champion of england.",prizefighter,6.2
0,F.GaryGray VinDiesel JasonStatham DwayneJohnson,"[""Action"",""Crime"",""Thriller""]",337339,The Fate of the Furious,"when a mysterious woman seduces dom into the world of crime and a betrayal of those closest to him, the crew face trials that will test them as never before.",the fate of the furious,6.9
0,JeffBaena AlisonBrie AlessandroNivola FredArmisen,"[""Romance"",""Comedy""]",826942,Spin Me Round,"when the manager of an italian restaurant chain wins the opportunity to attend the franchise’s educational immersion program in italy, what she thought would be a romantic getaway devolves into chaos and catastrophe.",spin me round,4.9
0,DavidSilverman HankAzaria ChrisEdgerly DawnnLewis,"[""Animation"",""Family"",""SciFi"",""Comedy""]",1121116,"Maggie Simpson in ""Rogue Not Quite One""","on their way to daycare, homer loses track of maggie who hops in grogu’s hovering pram for a hyperspace-hopping adventure across the galaxy. facing a squadron of imperial tie fighters, maggie brings the battle to springfield in this epic short celebrating all things star wars.","maggie simpson in ""rogue not quite one""",5.3
0,GlennCampbell TammyKlein MaxiWitrak EgoMikitas MichaelMarcel,"[""Action"",""SciFi"",""Thriller"",""Horror""]",1011679,Shark Side of the Moon,"decades ago, the ussr developed unkillable sharks and launched them to the moon. today, a team of american astronauts will endure the fight of their lives.",shark side of the moon,5.3
0,TobyGenkel HughLaurie EmiliaClarke DavidThewlis,"[""Animation"",""Adventure"",""Comedy"",""Family"",""Fantasy""]",676710,The Amazing Maurice,"maurice is a streetwise ginger cat who comes up with a money-making scam by befriending a group of self-taught talking rats. when maurice and the rodents meet a bookworm called malicia, their little con soon goes down the drain.",the amazing maurice,7.1
0,ScottMann GraceCarolineCurrey VirginiaGardner JeffreyDeanMorgan,"[""Thriller""]",985939,Fall,"for best friends becky and hunter, life is all about conquering fears and pushing limits. but after they climb 2,000 feet to the top of a remote, abandoned radio tower, they find themselves stranded with no way down. now becky and hunter’s expert climbing skills will be put to the ultimate test as they desperately fight to survive the elements, a lack of supplies, and vertigo-inducing heights",fall,7.3
0,ShalNgo ChloeGuidry NhedrickJabier CarminaGaray,"[""Action"",""Drama"",""Horror"",""SciFi"",""Thriller""]",1084225,The Park,"a dystopian coming-of-age movie focused on three kids who find themselves in an abandoned amusement park, aiming to unite whoever remains. with dangers lurking around every corner, they will do whatever it takes to survive their hellish neverland.",the park,5.9
0,JamesGunn ChrisPratt DaveBautista KarenGillan,"[""Comedy"",""SciFi"",""Adventure""]",774752,The Guardians of the Galaxy Holiday Special,"on a mission to make christmas unforgettable for quill, the guardians head to earth in search of the perfect present.",the guardians of the galaxy holiday special,7.3
0,FranklinRitch TatumMatthews DavidGirard SindaNichols,"[""SciFi"",""Thriller"",""Drama""]",983282,The Artifice Girl,"a team of special agents discovers a revolutionary new computer program to bait and trap online predators. after teaming up with the program's troubled developer, they soon find that the ai is rapidly advancing beyond its original purpose.",the artifice girl,6.4
0,ColinTrevorrow ChrisPratt BryceDallasHoward LauraDern,"[""Adventure"",""Action"",""SciFi""]",507086,Jurassic World Dominion,"four years after the destruction of isla nublar, biosyn operatives attempt to track down maisie lockwood, while dr ellie sattler investigates a genetically engineered swarm of giant insects.",jurassic world dominion,6.9
0,SamLiu ChristopherBerkeley DavidGiuntoli PatrickFabian JohnDiMaggio,"[""Animation"",""Fantasy"",""Horror"",""Action"",""Mystery""]",1003579,Batman: The Doom That Came to Gotham,"explorer bruce wayne accidentally unleashes an ancient evil, and returns to gotham after being away for two decades. there, batman battles lovecraftian supernatural forces and encounters allies and enemies such as green arrow, ra's al ghul, mr. freeze, killer croc, two-face and james gordon.",batman,6.5
0,FrancisFordCoppola AlPacino MarlonBrando JamesCaan,"[""Drama"",""Crime""]",238,The Godfather,"spanning the years 1945 to 1955, a chronicle of the fictional italian-american corleone crime family. when organized crime family patriarch, vito corleone barely survives an attempt on his life, his youngest son, michael steps in to take care of the would-be killers, launching a campaign of bloody revenge.",the godfather,8.7
0,FrankDarabont TimRobbins MorganFreeman BobGunton,"[""Drama"",""Crime""]",278,The Shawshank Redemption,"framed in the 1940s for the double murder of his wife and her lover, upstanding banker andy dufresne begins a new life at the shawshank prison, where he puts his accounting skills to work for an amoral warden. during his long stretch in prison, dufresne comes to be admired by the other inmates -- including an older prisoner named red -- for his integrity and unquenchable sense of hope.",the shawshank redemption,8.7
0,FrancisFordCoppola AlPacino RobertDuvall DianeKeaton,"[""Drama"",""Crime""]",240,The Godfather Part II,"in the continuing saga of the corleone crime family, a young vito corleone grows up in sicily and in 1910s new york. in the 1950s, michael corleone attempts to expand the family business into las vegas, hollywood and cuba.",the godfather part ii,8.6
0,StevenSpielberg LiamNeeson BenKingsley RalphFiennes,"[""Drama"",""History"",""War""]",424,"Schindler's List",the true story of how businessman oskar schindler saved over a thousand jewish lives from the nazis while they worked as slaves in his factory during world war ii.,"schindler's list",8.6
0,SidneyLumet MartinBalsam JohnFiedler LeeJ.Cobb,"[""Drama""]",389,12 Angry Men,"the defense and the prosecution have rested and the jury is filing into the jury room to decide if a young spanish-american is guilty or innocent of murdering his father. what begins as an open and shut case soon becomes a mini-drama of each of the jurors' prejudices and preconceptions about the trial, the accused, and each other.",12 angry men,8.5
0,FrankDarabont TomHanks MichaelClarkeDuncan DavidMorse,"[""Fantasy"",""Drama"",""Crime""]",497,The Green Mile,"a supernatural tale set on death row in a southern prison, where gentle giant john coffey possesses the mysterious power to heal people's ailments. when the cell block's head guard, paul edgecomb, recognizes coffey's miraculous gift, he tries desperately to help stave off the condemned man's execution.",the green mile,8.5
0,QuentinTarantino JohnTravolta SamuelL.Jackson UmaThurman,"[""Thriller"",""Crime""]",680,Pulp Fiction,"a burger-loving hit man, his philosophical partner, a drug-addled gangster's moll and a washed-up boxer converge in this sprawling, comedic crime caper. their adventures unfurl in three stories that ingeniously trip back and forth in time.",pulp fiction,8.5
0,RobertZemeckis TomHanks RobinWright GarySinise,"[""Comedy"",""Drama"",""Romance""]",13,Forrest Gump,"a man with a low iq has accomplished great things in his life and been present during significant historic events—in each case, far exceeding what anyone imagined he could do. but despite all he has achieved, his one true love eludes him.",forrest gump,8.5
0,PeterJackson ElijahWood IanMcKellen LivTyler,"[""Adventure"",""Fantasy"",""Action""]",122,The Lord of the Rings: The Return of the King,"aragorn is revealed as the heir to the ancient kings as he, gandalf and the other members of the broken fellowship struggle to save gondor from sauron's forces. meanwhile, frodo and sam take the ring closer to the heart of mordor, the dark lord's realm.",the lord of the rings,8.5
0,MartinScorsese RayLiotta RobertDeNiro JoePesci,"[""Drama"",""Crime""]",769,GoodFellas,"the true story of henry hill, a half-irish, half-sicilian brooklyn kid who is adopted by neighbourhood gangsters at an early age and climbs the ranks of a mafia family under the guidance of jimmy conway.",goodfellas,8.5
0,GenndyTartakovsky AaronLaPlante JonOlson BryanAndrews,"[""Action"",""Adventure"",""Animation"",""Drama""]",704264,Primal: Tales of Savagery,"genndy tartakovsky's primal: tales of savagery features a caveman and a dinosaur on the brink of extinction. bonded by tragedy, this unlikely friendship becomes the only hope of survival.",primal,8.5
0,ToscaMusk MelanieZanetti GiulioBerruti KurtMcKinney,"[""Romance""]",696374,"Gabriel's Inferno","an intriguing and sinful exploration of seduction, forbidden love, and redemption, gabriel's inferno is a captivating and wildly passionate tale of one man's escape from his own personal hell as he tries to earn the impossible--forgiveness and love.","gabriel's inferno",8.5
0,PeterBaynton CharlieMackesy JudeCowardNicoll TomHollander IdrisElba,"[""Animation"",""Family"",""Adventure"",""Fantasy""]",995133,"The Boy, the Mole, the Fox and the Horse","the unlikely friendship of a boy, a mole, a fox and a horse traveling together in the boy’s search for home.","the boy, the mole, the fox and the horse",8.5
0,SergioLeone RobertDeNiro JamesWoods ElizabethMcGovern,"[""Drama"",""Crime""]",311,Once Upon a Time in America,"a former prohibition-era jewish gangster returns to the lower east side of manhattan over thirty years later, where he once again must confront the ghosts and regrets of his old life.",once upon a time in america,8.4
0,AlfredHitchcock AnthonyPerkins VeraMiles JohnGavin,"[""Horror"",""Drama"",""Thriller""]",539,Psycho,"when larcenous real estate clerk marion crane goes on the lam with a wad of cash and hopes of starting a new life, she ends up at the notorious bates motel, where manager norman bates cares for his housebound mother.",psycho,8.4
0,ToscaMusk MelanieZanetti GiulioBerruti JamesAndrewFraser,"[""Romance""]",724089,"Gabriel's Inferno: Part II","professor gabriel emerson finally learns the truth about julia mitchell's identity, but his realization comes a moment too late. julia is done waiting for the well-respected dante specialist to remember her and wants nothing more to do with him. can gabriel win back her heart before she finds love in another's arms?","gabriel's inferno",8.4
0,DavidFincher EdwardNorton BradPitt HelenaBonhamCarter,"[""Drama"",""Thriller"",""Comedy""]",550,Fight Club,"a ticking-time-bomb insomniac and a slippery soap salesman channel primal male aggression into a shocking new form of therapy. their concept catches on, with underground ""fight clubs"" forming in every town, until an eccentric gets in the way and ignites an out-of-control spiral toward oblivion.",fight club,8.4
0,ToscaMusk MelanieZanetti GiulioBerruti RhettWellington,"[""Romance"",""Comedy""]",761053,"Gabriel's Inferno: Part III","the final part of the film adaption of the erotic romance novel gabriel's inferno written by an anonymous canadian author under the pen name sylvain reynard.","gabriel's inferno",8.4
0,MilošForman JackNicholson LouiseFletcher DannyDeVito,"[""Drama""]",510,"One Flew Over the Cuckoo's Nest","a petty criminal fakes insanity to serve his sentence in a mental ward rather than prison. he soon finds himself as a leader to the other patients—and an enemy to the cruel, domineering nurse who runs the ward.","one flew over the cuckoo's nest",8.4
0,RodneyRothman PeterRamsey BobPersichetti ShameikMoore JakeJohnson HaileeSteinfeld,"[""Action"",""Adventure"",""Animation"",""SciFi""]",324857,Spider-Man: Into the Spider-Verse,"miles morales is juggling his life between being a high school student and being a spider-man. when wilson ""kingpin"" fisk uses a super collider, others from across the spider-verse are transported to this dimension.",spider-man,8.4
0,IrvinKershner MarkHamill HarrisonFord CarrieFisher,"[""Adventure"",""Action"",""SciFi""]",1891,The Empire Strikes Back,"the epic saga continues as luke skywalker, in hopes of defeating the evil galactic empire, learns the ways of the jedi from aging master yoda. but darth vader is more determined than ever to capture luke. meanwhile, rebel leader princess leia, cocky han solo, chewbacca, and droids c-3po and r2-d2 are thrown into various stages of capture, betrayal and despair.",the empire strikes back,8.4
0,RomanPolanski AdrienBrody ThomasKretschmann FrankFinlay,"[""Drama"",""War""]",423,The Pianist,"the true story of pianist władysław szpilman's experiences in warsaw during the nazi occupation. when the jews of the city find themselves forced into a ghetto, szpilman finds work playing in a café; and when his family is deported in 1942, he stays behind, works for a while as a laborer, and eventually goes into hiding in the ruins of the war-torn city.",the pianist,8.4
0,PeterJackson ElijahWood IanMcKellen LivTyler,"[""Adventure"",""Fantasy"",""Action""]",121,The Lord of the Rings: The Two Towers,"frodo and sam are trekking to mordor to destroy the one ring of power while gimli, legolas and aragorn search for the orc-captured merry and pippin. all along, nefarious wizard saruman awaits the fellowship members at the orthanc tower in isengard.",the lord of the rings,8.4
0,DamienChazelle MilesTeller J.K.Simmons PaulReiser,"[""Drama"",""Music""]",244786,Whiplash,"under the direction of a ruthless instructor, a talented young drummer begins to pursue perfection at any cost, even his humanity.",whiplash,8.4
0,DavidFincher BradPitt MorganFreeman GwynethPaltrow,"[""Crime"",""Mystery"",""Thriller""]",807,Se7en,"two homicide detectives are on a desperate hunt for a serial killer whose crimes are based on the ""seven deadly sins"" in this dark and haunting film that takes viewers from the tortured remains of one victim to the next. the seasoned det. sommerset researches each sin in an effort to get inside the killer's mind, while his novice partner, mills, scoffs at his efforts to unravel the case.",se7en,8.4
0,ChristopherNolan LeonardoDiCaprio JosephGordon-Levitt KenWatanabe,"[""Action"",""SciFi"",""Adventure""]",27205,Inception,"cobb, a skilled thief who commits corporate espionage by infiltrating the subconscious of his targets is offered a chance to regain his old life as payment for a task considered to be impossible: ""inception"", the implantation of another person's idea into a target's subconscious.",inception,8.4
0,BillyWilder WilliamHolden GloriaSwanson ErichvonStroheim,"[""Drama""]",599,Sunset Boulevard,a hack screenwriter writes a screenplay for a former silent film star who has faded into hollywood obscurity.,sunset boulevard,8.4
0,AlfredHitchcock JamesStewart GraceKelly ThelmaRitter,"[""Thriller"",""Mystery""]",567,Rear Window,a wheelchair-bound photographer spies on his neighbors from his apartment window and becomes convinced one of them has committed murder.,rear window,8.4
0,"TonyKaye EdwardNorton EdwardFurlong BeverlyD'Angelo","[""Drama""]",73,American History X,"derek vineyard is paroled after serving 3 years in prison for killing two african-american men. through his brother, danny vineyard's narration, we learn that before going to prison, derek was a skinhead and the leader of a violent white supremacist gang that committed acts of racial crime throughout l.a. and his actions greatly influenced danny. reformed and fresh out of prison, derek severs contact with the gang and becomes determined to keep danny from going down the same violent path as he did.",american history x,8.4
0,PaulDugdale TaylorSwift CharliXCX CamilaCabello,"[""Music""]",568332,Taylor Swift: Reputation Stadium Tour,"taylor swift takes the stage in dallas for the reputation stadium tour and celebrates a monumental night of music, memories and visual magic.",taylor swift,8.3
0,CharlieChaplin CharlieChaplin PauletteGoddard JackOakie,"[""Comedy"",""War""]",914,The Great Dictator,"dictator adenoid hynkel tries to expand his empire while a poor jewish barber tries to avoid persecution from hynkel's regime.",the great dictator,8.3
0,JonathanDemme JodieFoster AnthonyHopkins ScottGlenn,"[""Crime"",""Drama"",""Thriller""]",274,The Silence of the Lambs,"clarice starling is a top student at the fbi's training academy.  jack crawford wants clarice to interview dr. hannibal lecter, a brilliant psychiatrist who is also a violent psychopath, serving life behind bars for various acts of murder and cannibalism.  crawford believes that lecter may have insight into a case and that starling, as an attractive young woman, may be just the bait to draw him out.",the silence of the lambs,8.3
0,CharlieChaplin CharlieChaplin VirginiaCherrill HarryMyers,"[""Comedy"",""Romance"",""Drama""]",901,City Lights,"in this sound-era silent film, a tramp falls in love with a beautiful blind flower seller.",city lights,8.3
0,LucBesson JeanReno NataliePortman GaryOldman,"[""Crime"",""Drama"",""Action""]",101,Léon: The Professional,"léon, the top hit man in new york, has earned a rep as an effective ""cleaner"". but when his next-door neighbors are wiped out by a loose-cannon dea agent, he becomes the unwilling custodian of 12-year-old mathilda. before long, mathilda's thoughts turn to revenge, and she considers following in léon's footsteps.",léon,8.3
0,PeterWeir RobinWilliams EthanHawke RobertSeanLeonard,"[""Drama""]",207,Dead Poets Society,"at an elite, old-fashioned boarding school in new england, a passionate english teacher inspires his students to rebel against convention and seize the potential of every day, courting the disdain of the stern headmaster.",dead poets society,8.3
0,RobertZemeckis MichaelJ.Fox ChristopherLloyd LeaThompson,"[""Adventure"",""Comedy"",""SciFi""]",105,Back to the Future,"eighties teenager marty mcfly is accidentally sent back in time to 1955, inadvertently disrupting his parents' first meeting and attracting his mother's romantic interest. marty must repair the damage to history by rekindling his parents' romance and - with the help of his eccentric inventor friend doc brown - return to 1985.",back to the future,8.3
0,CharlieChaplin CharlieChaplin PauletteGoddard HenryBergman,"[""Comedy"",""Drama""]",3082,Modern Times,the tramp struggles to live in modern industrial society with the help of a young homeless woman.,modern times,8.3
0,ErnstLubitsch MargaretSullavan JamesStewart FrankMorgan,"[""Comedy"",""Drama"",""Romance""]",20334,The Shop Around the Corner,"two employees at a gift shop can barely stand one another, without realising that they are falling in love through the post as each other's anonymous pen pal.",the shop around the corner,8.3
0,JustinBaldoni HaleyLuRichardson ColeSprouse MoisésArias,"[""Romance"",""Drama""]",527641,Five Feet Apart,"seventeen-year-old stella spends most of her time in the hospital as a cystic fibrosis patient. her life is full of routines, boundaries and self-control — all of which get put to the test when she meets will, an impossibly charming teen who has the same illness. there's an instant flirtation, though restrictions dictate that they must maintain a safe distance between them. as their connection intensifies, so does the temptation to throw the rules out the window and embrace that attraction.",five feet apart,8.3
0,JustinBaldoni SteffanArgus SabrinaCarpenter MadisonIseman,"[""Music"",""Drama"",""Romance""]",630566,Clouds,"young musician zach sobiech discovers his cancer has spread, leaving him just a few months to live. with limited time, he follows his dream and makes an album, unaware that it will soon be a viral music phenomenon.",clouds,8.3
0,MitjaOkorn JadenSmith CaraDelevingne CubaGoodingJr.,"[""Drama"",""Romance""]",447362,Life in a Year,"a 17 year old finds out that his girlfriend is dying, so he sets out to give her an entire life, in the last year she has left.",life in a year,8.3
0,TommMoore RossStewart HonorKneafsey EvaWhittaker SeanBean,"[""Animation"",""Family"",""Adventure"",""Fantasy""]",441130,Wolfwalkers,"in a time of superstition and magic, when wolves are seen as demonic and nature an evil to be tamed, a young apprentice hunter comes to ireland with her father to wipe out the last pack. but when she saves a wild native girl, their friendship leads her to discover the world of the wolfwalkers and transform her into the very thing her father is tasked to destroy.",wolfwalkers,8.3
0,FrancisFordCoppola MarlonBrando RobertDuvall MartinSheen,"[""Drama"",""War""]",28,Apocalypse Now,"at the height of the vietnam war, captain benjamin willard is sent on a dangerous mission that, officially, ""does not exist, nor will it ever exist."" his goal is to locate - and eliminate - a mysterious green beret colonel named walter kurtz, who has been leading his personal army on illegal guerrilla missions into enemy territory.",apocalypse now,8.3
0,"MattPeters ChristinaSotta MattRyan JerryO'Connell TaissaFarmiga","[""Animation"",""Action"",""SciFi""]",618344,Justice League Dark: Apokolips War,"earth is decimated after intergalactic tyrant darkseid has devastated the justice league in a poorly executed war by the dc super heroes. now the remaining bastions of good – the justice league, teen titans, suicide squad and assorted others – must regroup, strategize and take the war to darkseid in order to save the planet and its surviving inhabitants.",justice league dark,8.3
0,StanleyKubrick KirkDouglas RalphMeeker AdolpheMenjou,"[""Drama"",""War""]",975,Paths of Glory,a commanding officer defends three scapegoats on trial for a failed offensive that occurred within the french army in 1916.,paths of glory,8.3
0,RebeccaSugar ZachCallison DeedeeMagno Estelle,"[""Animation"",""SciFi"",""Action"",""Adventure"",""Comedy"",""Drama"",""Fantasy"",""Music""]",537061,Steven Universe: The Movie,"two years after bringing peace to the galaxy, steven universe sees his past come back to haunt him in the form of a deranged gem who wants to destroy the earth.",steven universe,8.3